{"cameraMode":{"drawMode":0,"name":"Shaded","section":"Shading Mode"},"sceneLighting":true,"audioPlay":false,"sceneViewState":{"showFog":true,"showMaterialUpdate":false,"showSkybox":true,"showFlares":true,"showImageEffects":true,"showParticleSystems":true},"in2DMode":false,"pivot":{"x":-13.224349975585938,"y":6.9241790771484379,"z":133.9191131591797},"rotation":{"x":-0.1908072978258133,"y":0.70261549949646,"z":-0.20494143664836884,"w":-0.6541591882705689},"size":142.3271942138672,"orthographic":false}