{"cameraMode":{"drawMode":0,"name":"Shaded","section":"Shading Mode"},"sceneLighting":true,"audioPlay":false,"sceneViewState":{"showFog":true,"showMaterialUpdate":false,"showSkybox":true,"showFlares":true,"showImageEffects":true,"showParticleSystems":true},"in2DMode":false,"pivot":{"x":10.670000076293946,"y":0.8799999952316284,"z":0.8999999761581421},"rotation":{"x":-0.4232250154018402,"y":0.39959290623664858,"z":-0.21577000617980958,"w":-0.7840519547462463},"size":11.075206756591797,"orthographic":true}