{"cameraMode":{"drawMode":0,"name":"Shaded","section":"Shading Mode"},"sceneLighting":true,"audioPlay":false,"sceneViewState":{"showFog":true,"showMaterialUpdate":false,"showSkybox":true,"showFlares":true,"showImageEffects":true,"showParticleSystems":true},"in2DMode":false,"pivot":{"x":13.5,"y":2.2799999713897707,"z":-1.5700000524520875},"rotation":{"x":-0.037446409463882449,"y":0.049816470593214038,"z":-0.0018943618051707745,"w":-0.9981073141098023},"size":1.4269137382507325,"orthographic":true}