{"cameraMode":{"drawMode":0,"name":"Shaded","section":"Shading Mode"},"sceneLighting":true,"audioPlay":false,"sceneViewState":{"showFog":true,"showMaterialUpdate":false,"showSkybox":true,"showFlares":true,"showImageEffects":true,"showParticleSystems":true},"in2DMode":false,"pivot":{"x":13.537994384765625,"y":2.7719950675964357,"z":-1.5474951267242432},"rotation":{"x":-0.12486201524734497,"y":0.1132320985198021,"z":-0.014275731518864632,"w":-0.9856483340263367},"size":0.7259213924407959,"orthographic":true}