{"cameraMode":{"drawMode":0,"name":"Shaded","section":"Shading Mode"},"sceneLighting":true,"audioPlay":false,"sceneViewState":{"showFog":true,"showMaterialUpdate":false,"showSkybox":true,"showFlares":true,"showImageEffects":true,"showParticleSystems":true},"in2DMode":false,"pivot":{"x":52.4532470703125,"y":-249.24624633789063,"z":285.8804626464844},"rotation":{"x":-0.22480396926403047,"y":0.2430906593799591,"z":-0.05802439898252487,"w":-0.9418089985847473},"size":385.5765075683594,"orthographic":false}