{"cameraMode":{"drawMode":0,"name":"Shaded","section":"Shading Mode"},"sceneLighting":true,"audioPlay":false,"sceneViewState":{"showFog":true,"showMaterialUpdate":false,"showSkybox":true,"showFlares":true,"showImageEffects":true,"showParticleSystems":true},"in2DMode":false,"pivot":{"x":13.5,"y":0.8799999952316284,"z":-1.5700000524520875},"rotation":{"x":-0.008999334648251534,"y":0.01986829563975334,"z":-0.00019495170272421092,"w":-0.9998124241828919},"size":17.97342872619629,"orthographic":true}