{"cameraMode":{"drawMode":0,"name":"Shaded","section":"Shading Mode"},"sceneLighting":true,"audioPlay":false,"sceneViewState":{"showFog":true,"showMaterialUpdate":false,"showSkybox":true,"showFlares":true,"showImageEffects":true,"showParticleSystems":true},"in2DMode":false,"pivot":{"x":9.5439453125,"y":9.61865234375,"z":28.4013671875},"rotation":{"x":-0.11521493643522263,"y":0.024200700223445894,"z":-0.0028002727776765825,"w":-0.9930785894393921},"size":19.91571044921875,"orthographic":true}