{"cameraMode":{"drawMode":0,"name":"Shaded","section":"Shading Mode"},"sceneLighting":true,"audioPlay":false,"sceneViewState":{"showFog":true,"showMaterialUpdate":false,"showSkybox":true,"showFlares":true,"showImageEffects":true,"showParticleSystems":true},"in2DMode":false,"pivot":{"x":13.5,"y":0.8799999952316284,"z":-1.5700000524520875},"rotation":{"x":-0.08486954122781754,"y":0.11073809862136841,"z":-0.009516753256320954,"w":-0.990226686000824},"size":1.5611202716827393,"orthographic":true}