{"cameraMode":{"drawMode":0,"name":"Shaded","section":"Shading Mode"},"sceneLighting":false,"audioPlay":false,"sceneViewState":{"showFog":true,"showMaterialUpdate":false,"showSkybox":false,"showFlares":true,"showImageEffects":true,"showParticleSystems":true},"in2DMode":false,"pivot":{"x":6.7079997062683109,"y":-2.430000066757202,"z":37.13749694824219},"rotation":{"x":-0.22688084840774537,"y":0.6280454993247986,"z":-0.19862766563892365,"w":-0.7173794507980347},"size":4.301783084869385,"orthographic":false}