{"cameraMode":{"drawMode":0,"name":"Shaded","section":"Shading Mode"},"sceneLighting":true,"audioPlay":false,"sceneViewState":{"showFog":true,"showMaterialUpdate":false,"showSkybox":true,"showFlares":true,"showImageEffects":true,"showParticleSystems":true},"in2DMode":false,"pivot":{"x":13.5,"y":0.8799999952316284,"z":-1.5700000524520875},"rotation":{"x":-0.21955521404743195,"y":0.765854001045227,"z":-0.3338145315647125,"w":-0.503905713558197},"size":1.1842719316482545,"orthographic":true}