{"cameraMode":{"drawMode":0,"name":"Shaded","section":"Shading Mode"},"sceneLighting":true,"audioPlay":false,"sceneViewState":{"showFog":true,"showMaterialUpdate":false,"showSkybox":true,"showFlares":true,"showImageEffects":true,"showParticleSystems":true},"in2DMode":false,"pivot":{"x":-3.679445743560791,"y":2.9519309997558595,"z":2.9601683616638185},"rotation":{"x":0.22224703431129456,"y":-0.2567414939403534,"z":0.06079518795013428,"w":0.9386196136474609},"size":6.162660121917725,"orthographic":false}