{"cameraMode":{"drawMode":0,"name":"Shaded","section":"Shading Mode"},"sceneLighting":true,"audioPlay":false,"sceneViewState":{"showFog":true,"showMaterialUpdate":false,"showSkybox":true,"showFlares":true,"showImageEffects":true,"showParticleSystems":true},"in2DMode":false,"pivot":{"x":-12.552631378173829,"y":-8.234249114990235,"z":-3.0652687549591066},"rotation":{"x":-0.1908072978258133,"y":0.70261549949646,"z":-0.20494143664836884,"w":-0.6541591882705689},"size":13.608617782592774,"orthographic":false}